Id,Name,ContactName,ContactNumber,ContactEmail
1,Cassin Group,Avivah Rollin,+86 427 695 8747,arollin0@dailymail.co.uk
2,Jenkins-Yost,Roddy Drysdale,+7 910 218 0336,rdrysdale1@delicious.com
3,Langosh Group,Gothart Grubbe,+351 967 785 5547,ggrubbe2@unicef.org
4,Miller Inc,Ali Rentoll,+62 859 408 1436,arentoll3@apache.org
5,Hane and Sons,Marcia Peealess,+226 673 828 5128,mpeealess4@wix.com
6,"Kemmer, Tromp and Mertz",Donella Waison,+86 469 718 1329,dwaison5@nba.com
7,Ortiz and Sons,Maggie Mitchley,+7 693 317 7065,mmitchley6@nhs.uk
8,Pouros Inc,Yorke McKibbin,+86 949 995 6513,ymckibbin7@bravesites.com
9,Schulist-Wyman,Xylia Yearby,+31 307 985 6054,xyearby8@topsy.com
10,Kassulke-Tillman,Ursula Klima,+994 283 720 9633,uklima9@salon.com
11,Larson-Gorczany,Andreana Szwarc,+254 950 838 0047,aszwarca@usnews.com
12,Swift and Sons,Ikey Gershom,+597 861 270 5957,igershomb@state.gov
13,Farrell-Price,Blake Pearcey,+357 814 391 9424,bpearceyc@baidu.com
14,"Hammes, Cummings and Pacocha",Lorilyn Wildt,+30 886 698 5745,lwildtd@fotki.com
15,"Kunde, Ritchie and Hills",Wren Esmond,+971 107 104 0106,wesmonde@netvibes.com
16,"Schneider, Bins and Smitham",Kasey De Anesy,+7 373 466 6382,kdef@examiner.com
17,Auer-Osinski,Ardella Devenny,+86 511 260 7999,adevennyg@gravatar.com
18,"Corwin, Christiansen and Wolff",Orton Fairbrother,+212 656 782 2338,ofairbrotherh@wordpress.org
19,"Waters, Kuhn and McCullough",Felicdad Drinkhall,+7 691 431 5252,fdrinkhalli@oaic.gov.au
20,Feest Inc,Adorne Di Francecshi,+7 590 546 4669,adij@phoca.cz
21,Hilpert-Fadel,Germain Phillins,+27 869 756 7120,gphillinsk@myspace.com
22,Gusikowski Inc,Blane Flancinbaum,+52 596 675 6422,bflancinbauml@chron.com
23,"Heller, Schroeder and Hackett",Gibby Foan,+351 464 927 8197,gfoanm@shinystat.com
24,Kiehn Inc,Selena Janota,+504 137 242 4906,sjanotan@nba.com
25,Mills-Kreiger,Fayina Bryer,+62 599 545 7484,fbryero@webeden.co.uk
26,"McGlynn, Schulist and Daugherty",Millicent Swindells,+359 276 569 6623,mswindellsp@noaa.gov
27,"Ward, Cummerata and Jaskolski",Sigismund Bosence,+48 605 126 8467,sbosenceq@hatena.ne.jp
28,Kuhic LLC,Tedi Hulcoop,+98 272 156 9353,thulcoopr@indiegogo.com
29,"Lynch, Russel and Parker",Vasilis Garbar,+86 304 582 7792,vgarbars@zdnet.com
30,"Hilpert, Fisher and Kuvalis",Luigi Callum,+86 899 710 7252,lcallumt@census.gov
31,Huels Inc,Renate Kinneally,+86 401 711 6388,rkinneallyu@exblog.jp
32,Wiegand Inc,Reinwald Tetther,+33 783 691 2194,rtettherv@samsung.com
33,Blanda-Rosenbaum,Nancie Hunnisett,+48 275 174 3025,nhunnisettw@example.com
34,"Schiller, Abbott and Douglas",Christiane Hebbs,+230 545 142 6954,chebbsx@google.com.au
35,Hilpert Inc,Reyna Paullin,+86 793 251 1331,rpaulliny@fastcompany.com
36,Rau-Lind,Bret Gawthorpe,+46 479 501 3919,bgawthorpez@omniture.com
37,Rippin-Wisoky,Levy Gatus,+351 954 990 8526,lgatus10@deliciousdays.com
38,"Denesik, Daniel and Gutmann",Allyn Dunbavin,+255 954 239 2507,adunbavin11@list-manage.com
39,Gottlieb-Mosciski,Hasheem Michell,+591 295 421 0008,hmichell12@ft.com
40,"Harber, Gusikowski and Harvey",Robby Longmead,+1 513 528 6718,rlongmead13@archive.org
41,Waelchi-Anderson,Eugenie Plumm,+351 755 994 7573,eplumm14@com.com
42,Kshlerin-Kilback,Hatty Vidgeon,+48 518 687 9363,hvidgeon15@mtv.com
43,VonRueden Inc,Tessy Dunseith,+84 217 895 6043,tdunseith16@google.co.jp
44,Heaney-Little,Jules Dutson,+86 899 256 0686,jdutson17@skype.com
45,Veum-Roob,Marianna Hayworth,+58 694 649 1865,mhayworth18@usgs.gov
46,"Donnelly, Wiza and Hintz",Cosmo MacKereth,+7 855 375 8557,cmackereth19@ucoz.com
47,"Ratke, Fay and Nicolas",Babbette Bolus,+57 554 993 8758,bbolus1a@omniture.com
48,Parker Group,Tremayne Maycey,+994 538 807 9683,tmaycey1b@scribd.com
49,"Hirthe, Hilpert and Wilderman",Gar Gretham,+352 874 814 5521,ggretham1c@edublogs.org
50,Beer Inc,Kerry Wales,+976 710 704 3171,kwales1d@epa.gov
51,Aufderhar-Von,Danita Eastmead,+86 295 188 5455,deastmead1e@wufoo.com
52,"Boyle, Fahey and Kerluke",Emmye Waplington,+7 368 837 1716,ewaplington1f@reuters.com
53,Jacobs Group,Midge Gridley,+967 303 382 0363,mgridley1g@chicagotribune.com
54,Nolan LLC,Bernhard Caston,+63 572 201 9172,bcaston1h@bloomberg.com
55,"Hackett, Steuber and Pacocha",Riva Asbrey,+43 266 209 9942,rasbrey1i@artisteer.com
56,Smitham LLC,Erik Weddell,+1 501 756 9070,eweddell1j@state.tx.us
57,Wiza and Sons,Ainslie McCoveney,+380 823 858 1172,amccoveney1k@tinyurl.com
58,D'Amore-Jakubowski,Jerrylee Scholling,+44 798 504 1348,jscholling1l@wikimedia.org
59,Zulauf-Schamberger,Theo Hallan,+86 342 299 4195,thallan1m@freewebs.com
60,Rath Group,Tawnya Hawker,+86 890 358 3150,thawker1n@livejournal.com
61,Mante Inc,Nerte Gumey,+507 337 771 2657,ngumey1o@xing.com
62,"Bechtelar, Smith and Stiedemann",Stacia Brewett,+54 911 496 6425,sbrewett1p@timesonline.co.uk
63,"Rosenbaum, Kihn and Veum",Pinchas Dennington,+351 710 693 4595,pdennington1q@imgur.com
64,Yundt-Leffler,Electra Keslake,+86 347 650 5993,ekeslake1r@nationalgeographic.com
65,"Green, Powlowski and Boyle",Prent Tampen,+48 649 299 1015,ptampen1s@tumblr.com
66,"McDermott, Jacobson and Lakin",Mel Needs,+86 228 720 7471,mneeds1t@nsw.gov.au
67,Feest Inc,Fedora Strut,+1 259 306 8631,fstrut1u@naver.com
68,Ullrich-Kuhn,Boote Farries,+63 637 227 9654,bfarries1v@people.com.cn
69,Witting Group,Konstanze Banyard,+81 129 727 1788,kbanyard1w@wikimedia.org
70,"Mayert, Gislason and Quigley",Ade Chatwin,+62 123 949 3044,achatwin1x@so-net.ne.jp
71,Hane-Franecki,Keelby Bryden,+62 988 539 3815,kbryden1y@yahoo.co.jp
72,"Aufderhar, Gleichner and Runolfsdottir",Marcellina Tinniswood,+62 364 804 4057,mtinniswood1z@cyberchimps.com
73,Purdy LLC,Bowie Thrasher,+33 234 499 5487,bthrasher20@webmd.com
74,Klocko-Weber,Rooney MacFadzean,+670 384 556 8947,rmacfadzean21@mac.com
75,Powlowski LLC,Garry Prettyman,+254 751 491 5888,gprettyman22@jiathis.com
76,"Dibbert, Howe and Lueilwitz",Deeyn Meriott,+46 352 235 5028,dmeriott23@smh.com.au
77,Sporer Inc,Euell Collister,+84 150 293 8316,ecollister24@loc.gov
78,"Homenick, Jones and Wisoky",Juliann Kofax,+386 412 501 4922,jkofax25@icio.us
79,Kshlerin LLC,Iris Lalonde,+685 555 981 9870,ilalonde26@pbs.org
80,"Quigley, Thompson and Hermiston",Robyn Mayers,+57 605 518 1254,rmayers27@friendfeed.com
81,Wunsch-Streich,Leon Chicken,+62 748 487 2083,lchicken28@unblog.fr
82,Stiedemann-Williamson,Sheffield Cutmare,+48 139 588 2873,scutmare29@smh.com.au
83,Leannon-Padberg,Joella Marriott,+44 770 305 1885,jmarriott2a@myspace.com
84,Will-Mills,Abe Tomaello,+86 315 659 2958,atomaello2b@japanpost.jp
85,"Terry, Schowalter and Rolfson",Stephani Hanbury-Brown,+1 919 877 3990,shanburybrown2c@dion.ne.jp
86,"Feil, Hansen and Boehm",Staci Plunket,+967 858 687 2623,splunket2d@ihg.com
87,Lebsack-Denesik,Demetri Wager,+216 507 633 7669,dwager2e@mac.com
88,Sanford-Emard,Irita Vanelli,+7 844 111 8406,ivanelli2f@addtoany.com
89,Jacobs LLC,Anneliese Wrefford,+86 570 349 1494,awrefford2g@state.gov
90,"Cartwright, Effertz and Douglas",Bebe Dundendale,+252 963 533 0989,bdundendale2h@google.it
91,Jakubowski Group,Alexandr Sisey,+62 303 814 0094,asisey2i@harvard.edu
92,"Upton, Hermann and Bayer",Adelind Nesby,+86 969 954 6501,anesby2j@meetup.com
93,"Emard, Marks and Stark",Tyrone Lyes,+55 588 448 8709,tlyes2k@examiner.com
94,Bosco-O'Hara,Guillaume Whissell,+86 230 626 3831,gwhissell2l@umich.edu
95,Crooks-Bernier,Jammal Jeanin,+62 974 521 3091,jjeanin2m@angelfire.com
96,Vandervort and Sons,Dennison Harper,+967 811 610 5466,dharper2n@hud.gov
97,Kuvalis-Dare,Alverta Shera,+98 982 223 9853,ashera2o@hatena.ne.jp
98,Goldner Inc,Ilka Toomer,+55 591 787 3402,itoomer2p@upenn.edu
99,Beier Group,Marline Adshede,+86 625 787 8988,madshede2q@zdnet.com
100,Kub-Haag,Beth Werendell,+86 438 461 8417,bwerendell2r@techcrunch.com
